{
  "name": "book",
  "plural": "books",
  "base": "PersistedModel",
  "idInjection": true,
  "options": {
    "validateUpsert": true
  },
  "properties": {
    "titulo": {
      "type": "string",
      "required": true
    },
    "idioma": {
      "type": "string",
      "required": true,
      "default": "Inglés"
    },
    "descripcion": {
      "type": "string",
      "required": true
    },
    "portada": {
      "type": "string",
      "required": true
    },
    "precio": {
      "type": "string",
      "required": true
    },
    "link_amazon": {
      "type": "string",
      "required": true
    },
    "autor": {
      "type": "string",
      "required": true
    },
    "oferta": {
      "type": "number",
      "required": true,
      "default": 0
    }
  },
  "validations": [],
  "relations": {},
  "acls": [
    {
      "accessType": "*",
      "principalType": "ROLE",
      "principalId": "$authenticated",
      "permission": "ALLOW"
    },
    {
      "accessType": "*",
      "principalType": "ROLE",
      "principalId": "$everyone",
      "permission": "DENY"
    },
    {
      "accessType": "READ",
      "principalType": "ROLE",
      "principalId": "$everyone",
      "permission": "ALLOW"
    }
  ],
  "methods": {}
}
